Title,Price,Rating,Reviews
"Optimum Nutrition Gold Standard 100% Whey Protein Powder, Double Rich Chocolate 1.98 Pound (Packaging May Vary)",32.02,4.6,183413
"JUST INGREDIENTS Clean Protein Powder – Grass-Fed Whey + Whole-Food Protein Blend | 22–24g Protein | No Artificial Sweeteners or Sugar Alcohols (20 Servings, Vanilla Bean)",69.21,4.6,71
"Orgain Organic Vegan Protein Powder, Vanilla Bean - 21g Plant Protein, 4g Prebiotic Fiber, No Lactose Ingredients, No Added Sugar, Non-GMO, For Shakes & Smoothies, 2.03 lb (Packaging May Vary)",30.39,4.4,72135
"Body Fortress Super Advanced Whey Protein Powder, Chocolate, Immune Support (1), Vitamins C & D Plus Zinc, 3.9 lbs.",37.36,4.5,17094
"Orgain Organic Vegan Protein + 50 Superfoods Powder, Vanilla Bean - 21g Plant Based Protein, 8g Prebiotic Fiber, No Lactose Ingredients, Gluten Free, No Added Sugar, Non-GMO, 2.02 lb",28.45,4.6,42719
"Vital Proteins Collagen Peptides Powder Advanced with Hyaluronic Acid & Vitamin C - 20oz Collagen Protein, Unflavored, 28 Servings",42.99,4.5,207966
Justt Ingredients Protein Powder | Vanilla Protein Powder 17.46 oz,62.99,,
"Levels Grass Fed Whey Protein Powder, No Artificials, 24G of Protein, Vanilla Bean, 5LB",79.99,4.5,16907
"Optimum Nutrition Gold Standard 100% Whey Protein Powder, Mocha Cappuccino, 5 Pound (Packaging May Vary)",79.99,4.6,72746
"Dymatize ISO100 Hydrolyzed Protein Powder, 100% Whey Isolate Protein, 25g of Protein, 5.5g BCAAs, Gluten Free, Fast Absorbing, Easy Digesting, Gourmet Chocolate, 3 Pound",47.92,4.4,47180
"Six Star Whey Protein Powder Plus - Muscle Building & Recovery Formula with Whey Isolate Powder, BCAAs, 30g Protein, Immune Support - Post-Workout Supplement - Kellogg’s Frosted Flakes Flavor, 1.8 lbs",15.83,4.4,14293
"Premier Protein Powder, Cafe Latte , 30g Protein, 1g Sugar, 100% Whey Protein, Keto Friendly, No Soy Ingredients, Gluten Free, 17 servings, 23.9 Ounce (Pack of 1)",25.18,4.5,64906
"Dymatize Elite 100% Whey Protein Powder, 25g Protein, 5.5g BCAAs & 2.7 L-Leucine, Quick Absorbing & Fast Digesting for Optimal Muscle Recovery, Rich Chocolate, 5 Pound, 63 Servings",69.99,4.6,14176
"Dymatize x Fruity Pebbles ISO100 Whey Protein Powder Isolate, 25g of Protein, 75 Servings, 5.5g BCAAs, 120 Cal., Gluten Free, 1g Fat, 1g Sugar, 2g Carb",84.99,4.5,28513
"Nutricost Isolate Whey Protein Powder, Vanilla, 5 pounds",72.95,4.4,9092
"Muscle Milk Genuine Protein Powder, Chocolate, 1.93 Pounds, 13 Servings, 32g Protein, 2g Sugar, Calcium, Vitamins A, C & D, NSF Certified for Sport, Energizing Snack, Packaging May Vary",19.97,4.5,13420
"Isopure Zero Carb 100% Pure Whey Isolate Protein Powder, Lactose Free, Gluten Free, With Vitamins, Unflavored, 25g Protein Per Serving, 1 Lb, 16 Servings (Packaging May Vary)",27.99,4.4,37226
"It's Just! - 100% Whey Protein Concentrate, Made in USA, RBST/rBGH Hormone Free, Premium WPC-80, No Added Flavors or Artificial Sweeteners (1.25 Pound, Unflavored)",16.99,4.2,1966
"Isopure Low Carb 100% Pure Whey Isolate Protein Powder, Lactose Free, Gluten Free, With Vitamins, Dutch Chocolate, 25g Protein Per Serving, 1 Lb, 14 Servings (Packaging May Vary)",21.47,4.5,62044
"NAKED WHEY 5LB 100% Grass Fed Unflavored Whey Protein Powder - Only 1 Ingredient, Undenatured - No GMO, Soy or Gluten - No Preservatives - Promote Muscle Growth and Recovery - 76 Servings",94.99,4.0,20804
"Optimum Nutrition Gold Standard 100% Whey Protein Powder, Vanilla Ice Cream, 0.68 Pound (Pack of 1)",15.99,4.6,318
"Orgain X Justin's ® Organic Vegan Nut Butter Protein Powder, Chocolate Peanut Butter- 20g Plant Protein, 1g Sugar, Gluten Free, No Dairy, Soy Ingredients, or Artificial Flavors, 1.17 lb",39.16,4.4,251
"BSN SYNTHA-6 Whey Protein Powder with Micellar Casein, Milk Isolate, Strawberry Milkshake, 48 Servings (Packaging May Vary)",63.94,4.6,27837
"Pure Protein Powder, Whey, High Protein, Low Sugar, Gluten Free, Vanilla Cream, 1 lb",18.99,4.3,6923
"REDCON1 MRE Lite Whole Food Protein Powder, Cookies N' Cream - Low Carb & Whey Free Meal Replacement with Animal Protein Blends - Easy to Digest Supplement Made with MCT Oils (30 Servings)",36.99,4.4,5583
"Garden of Life Protein Powder, Vegan Protein Powder, BCAA, Probiotics & Digestive Enzymes, Gluten & Lactose Free, Vanilla, 1.5 LB",32.88,4.2,18071
"Clean Simple Eats Whey Protein Powder, Simply Vanilla Flavor Naturally Sweetened, 100% Grass Fed Protein Powder with Digestive Enzymes & No Artificial Ingredients, Gluten Free, 30 Servings",64.99,4.4,1465
"Transparent Labs Grass-Fed Whey Protein Isolate - Naturally Flavored, Gluten Free Whey Protein Powder with 28g of Protein per Serving & 9 Amino Acids - 30 Servings, Oatmeal Chocolate Chip Cookie",59.99,4.4,1807
"Pure Protein Powder, Whey, High Protein, Low Sugar, Gluten Free, Vanilla Cream, 1.75 lbs",20.06,4.5,22612
"Collagen Powder Protein by Ancient Nutrition, Multi Collagen Vanilla Protein Powder, 45 Servings, with Vitamin C, Hydrolyzed Collagen Peptides Supports Skin and Nails, Gut Health, 16.7oz",45.01,4.4,54490
"Orgain Organic Vegan Protein Powder, Iced Coffee - 21g Plant Protein, 60mg of Caffeine, Low Net Carb, No Lactose Ingredients, No Added Sugar, Non-GMO, For Shakes & Smoothies, 2.03 lb",30.98,4.4,68369
"Jocko Fuel Mölk Whey Protein Powder - Keto, Probiotics, Digestive Enzymes, Amino Acids, Low Sugar Monk Fruit Blend - Supports Muscle Recovery & Growth (2.5 LB, Cookies & Cream)",44.95,4.5,2872
"RYSE Loaded Protein Powder - Peanut Butter Cup - 25g Whey Protein Isolate & Concentrate with Prebiotic Fiber & MCTs - Low Carb, Low Sugar, Digestive-Friendly - 27 Servings / 2 lb Tub",44.99,4.5,5719
Nutricost Whey Protein Concentrate (Vanilla) 2LBS,31.95,4.4,8520
"Ascent 100% Whey Protein Powder - Post Workout Whey Protein Isolate, Zero Artificial Flavors & Sweeteners, Gluten Free, 5.5g BCAA, 2.6g Leucine, Essential Amino Acids, Chocolate Peanut Butter 4 lb",74.99,4.6,8568
"Quest Nutrition Vanilla Milkshake Protein Powder, 24g of Protein, 1g of Sugar, Low Carb, Gluten Free, 3 Pound, 43 servings",51.73,4.4,31874
"Muscle Milk Pro Series Protein Powder Supplement, Intense Vanilla, 2 Pound, 11 Servings, 50g Protein, 3g Sugar, 20 Vitamins & Minerals, NSF Certified for Sport, Workout Recovery, Packaging May Vary",26.64,4.5,7220
"Muscletech Whey Protein Powder (Cookies & Cream, 4 Pound) - Nitro-Tech Ultimate Muscle Building Formula with Whey Protein Isolate & Peptides - 30g of Protein, 3g of Creatine & 6.8g of BCAA",65.51,4.5,20025
"PB2 Performance Peanut Plant Based Vegan Protein Powder | 20g Complete Protein, No Added Sugar, Prebiotic Fiber | Dairy Free, Certified Vegan, Non-GMO, and Gluten Free [Peanut with Dutch Cocoa, 2lb]",19.99,4.6,1252
Truvani Vegan Pea Protein Powder | Vanilla | 20g Organic Plant Based Protein | 10 Servings | Keto | Gluten & Dairy Free | Low Carb | No Added Sugar,19.79,4.0,20223
"Sports Research Whey Protein - Sports Nutrition Whey Isolate Protein Powder for Lean Muscle Building & Workout Recovery - 5 lb Bag Bulk Protein Powder 25g per Serving - Dutch Chocolate, 56 Servings",89.95,4.5,1475
"Just Ingredients Protein Powder | Vanilla Protein Powder Made with 100% Grass Fed, Non Denatured Whey | Four Different Protein Sources from Organic Whole Food Ingredients | 15 Servings | 22g Protein",36.99,4.2,618
"Muscletech Grass-Fed Whey Protein Powder (Triple Chocolate, 1.8LB) - Whey Protein Smoothie & Milk Shake Mix Supports Muscle Gain & Recovery - 20g of Whey Protein for Women & Men - Non-GMO, Gluten-Free",19.59,4.5,3927
"Purely Inspired Plant-Based Protein Powder for Men & Women, Rich Decadent Chocolate (16 Servings) - Vegan & Organic - 20g of Pea Protein Powder for Smoothies & Shakes - Dairy-Free, & Gluten-Free",16.00,4.2,17033
"Animal 100% Whey Protein Powder – Whey Blend for Pre Workout or Post Workout, Recovery, or an Anytime Low Sugar Protein Boost Meal Replacement with BCAA Branched Chain Amino Acids – Vanilla, 4 lb",52.45,4.6,1980
"EarthChimp Organic Vegan Protein Powder - with Probiotics - Non GMO, Dairy Free, Non Whey, Plant Based Protein Powder for Women and Men, Gluten Free - 26 Servings 32 Oz (Chocolate)",40.99,4.4,5508
"GHOST Whey Protein Powder, Cereal Milk - 2LB Tub, 25G of Protein - Flavored Isolate, Concentrate & Hydrolyzed Whey Protein Blend - Post Workout Shakes - Soy & Gluten Free",49.46,4.4,13283
"Isopure Clear Whey Isolate Protein Powder Infusions, Lactose Free, Gluten Free, Naturally Flavored, Citrus Lemonade, 20g Protein Per Serving, 1.9 Lb, 36 Servings",49.00,4.0,31889
"Muscle Milk Genuine Protein Powder, Chocolate, 4.94 Pound, 32 Servings, 32g Protein, 2g Sugar, Calcium, Vitamins A, C & D, NSF Certified for Sport, Energizing Snack, Packaging May Vary",51.08,4.5,13420
"Muscle Milk Pro Series Protein Powder Supplement, Intense Vanilla, 5 Pound, 28 Servings, 50g Protein, 3g Sugar, 20 Vitamins & Minerals, NSF Certified for Sport, Workout Recovery, Packaging May Vary",64.96,4.5,7220
"PEScience Select Protein Powder, Whey and Casein Blend, Clean Protein Powder for Women and Men, Low Calorie, Low Carb, Keto Friendly, Gluten Free, Frosted Sugar Cookie, 27 Servings",44.99,4.4,12409
"NAKED Whey Vanilla Protein Powder - Only 3 Ingredients - Grass Fed Whey Protein Powder, Vanilla Flavor, and Organic Coconut Sugar, No GMO, No Soy, and Gluten Free - 24 Servings",41.99,4.0,20804
"Garden of Life Organic Vegan Protein Powder, Plant Based & BCAAs, Organic Protein Powder with Probiotics & Enzymes, Non-GMO, Gluten-Free Lactose Free 1.2 LB",35.69,4.1,8473
"NAKED Whey Isolate Protein - Only 2 Ingredients, 30g Grass-Fed Protein, Unflavored, Undenatured, No GMO, No Soy, Gluten-Free, No Preservatives - 28 Servings",51.99,4.6,523
"NOW Foods Sports Nutrition, Whey Protein Concentrate, 24 G With BCAAs, Unflavored Powder, 5-Pound",49.35,4.3,986
"Muscle Mlk Pro Series 50 Knockout Chocolate, 2 Pounds",19.97,4.6,632
"Orgain Organic Vegan Protein Powder, Creamy Chocolate Fudge - 21g Plant Protein, 7g Prebiotic Fiber, Low Net Carb, No Lactose Ingredients, No Added Sugar, Non-GMO, For Shakes & Smoothies, 1.02 lb",19.98,4.5,8082
"Optimum Nutrition Gold Standard 100% Isolate, Protein Powder, Rich Vanilla, 2.91 Pounds, 44 Servings. Whey Protein Isolate (Packaging May Vary)",64.99,4.5,2387
"GHOST Whey Protein Powder, Cinnabon - 2LB Tub, 25G of Protein - Cinnamon Roll Flavored Isolate, Concentrate & Hydrolyzed Whey Protein Blend - Post Workout Shakes - Soy & Gluten Free",49.99,4.4,13283
"Muscle Milk Pro Series Creatine Powder Supplement, Unflavored, 1.1 Pound, 100 Servings, 5g Creatine Monohydrate, NSF Certified for Sport, Packaging May Vary",23.89,4.6,1246
"Nuzest - Pea Protein Powder - Clean Lean Protein, Premium Vegan Plant Based Protein Powder, Dairy Free, Gluten Free, GMO Free, Protein Shake, Smooth Vanilla, 40 Servings, 2.2 lb",79.99,4.3,120
"Animal Whey Isolate Protein Powder - Loaded for Pre & Post Workout Muscle Builder and Recovery with Digestive Enzymes for Men & Women - 25g Protein, Great Taste, Low Sugar - Cookies & Cream 4 lbs",59.95,4.5,6868
"Muscle Milk Lean Muscle Vanilla Creme Protein Powder, 1.93 Pound (Pack of 1)",19.97,4.5,1198
"Optimum Nutrition Platinum Hydrowhey Protein Powder, 100% Hydrolyzed Whey Isolate Powder, Flavor: Velocity Vanilla, 3.5 Pounds (Packaging May Vary)",74.00,4.6,10535
"Orgain Organic Simple Vegan Protein Powder, Chocolate - 20g Plant Based Protein, Made with less Ingredients, No Artificial Sweeteners, Gluten Free, No Dairy or Lactose, 1.25 lb (Packaging May Vary)",24.99,4.2,6198
"Optimum Nutrition Serious Mass, Weight Gainer Protein Powder with Creatine",75.94,4.5,70976
"Animal 100% Whey Protein Powder – Whey Blend for Pre or Post Workout, Recovery, Anytime Low Sugar Protein Boost Meal Replacement with BCAA Branched Chain Amino Acids – New Flavor, Strawberry, 4 lb",49.14,4.6,1980
"BulkSupplements.com Whey Protein Isolate Powder - Whey Protein Powder, Unsweeteneed, Unflavored & Gluten Free - 30g per Serving, 1kg (2.2 lbs) (Pack of 1)",39.98,4.4,8670
"RAW Whey Isolate Protein Powder, Birthday Cake (CBUM Itholate Protein) - 100% Grass-Fed Sports Nutrition Powder for Muscle Growth & Recovery - Low-Fat, Low Carb - 25 Servings",47.99,4.3,1737
"Ka’Chava All-In-One Nutrition Shake Blend, Chocolate, 15 Servings, 85+ Superfoods & Nutrients, Greens Plant-Based Powder Protein Drink, Digestive Enzymes & Probiotics, Vegan Dairy Gluten Free",79.99,4.3,10242
"BulkSupplements.com Whey Protein Isolate Powder - Whey Protein Powder, Unsweeteneed, Unflavored & Gluten Free - 30g per Serving, 1kg (2.2 lbs) (Pack of 1)",39.98,4.4,8670
"Cellucor C4 Whey Protein Powder, Reese’S Peanut Butter & Chocolate - 25g Protein, 0g Added Sugar, 140 Calories Per Serving, Supports Muscle Recovery, 66 Servings, Premium Whey for Post-Workout",82.99,4.5,569
"Garden of Life Meal Replacement Shakes, Vegan Raw Organic Protein Powder, Vanilla Protein Powder with Plant Based Pea Protein, Sprouts, Greens, Probiotics, Dairy Free 28 Servings",46.86,4.2,36404
"Animal Whey Isolate Protein Powder - Loaded for Pre & Post Workout Muscle Builder and Recovery with Digestive Enzymes for Men & Women - 25g Protein, Great Taste, Low Sugar - Frosted Cinnamon Bun 4 lbs",59.95,4.5,6868
"RAW Whey Isolate Protein Powder, Chocolate Peanut Butter (CBUM Itholate) - 100% Grass-Fed Sports Nutrition Powder for Muscle Growth & Recovery - Low-Fat, Low Carb, Naturally Flavored - 25 Servings",47.99,4.3,1737
"Santa Cruz Paleo Whey Protein Powder, Chocolate Flavor, 20 G Grass Fed Whey Protein Isolate Per Serving, Gluten Free, Paleo & Keto Friendly, No Sugar Added, Protein Shake Mix, 20 Servings, 1.2 lb Bag",37.99,4.6,783
"Dymatize Super Mass Gainer Protein Powder, 1290 Calories & 52g Protein, Mixes Easily, Tastes Delicious, Fruity Pebbles, 6 Pound",54.99,4.5,13143
"PEScience Select Protein Powder, Whey and Casein Blend, Clean Protein Powder for Women and Men, Low Calorie, Low Carb, Keto Friendly, Gluten Free, Gourmet Vanilla, 55 Servings",79.99,4.4,12409
"Optimum Nutrition Gold Standard 100% Micellar Casein Protein Powder, Slow Digesting, Helps Keep You Full, Overnight Muscle Recovery, Chocolate Supreme, 4 Pound (Packaging May Vary)",83.94,4.6,17221
"NOW Foods Sports Nutrition, Whey Protein Isolate, 25 g With BCAAs, Unflavored Powder, 5-Pound",75.77,4.5,3776
"Isopure Low Carb 100% Pure Whey Isolate Protein Powder, Lactose Free, Gluten Free, With Vitamins, Dark Chocolate, 25g Protein Per Serving, 1 Lb, 14 Servings (Packaging May Vary)",28.05,4.5,7413
"Vital Proteins Collagen Peptides Powder Vanilla - Supports Hair, Skin, Nails, Bones, Joints, Powder for Women",18.97,4.5,73654
"RAW Whey Isolate Protein Powder, Dark Chocolate - 100% Grass-Fed Sports Nutrition Whey Protein Powder for Muscle Growth & Recovery - Low-Fat, Low Carb, Naturally Flavored & Sweetened - 25 Servings",41.99,4.4,823
"Insane Labz Insane Whey,100% Muscle Building Whey Protein, Post Workout, BCAA Amino Profile, Mass Gainer, Meal Replacement, 5lbs, 60 Srvgs (Packaging May Vary) (Chocolate Peanut Butter)",69.99,4.4,1264
"OWYN Only What You Need Pro Elite High Protein Powder, 30g Vegan Protein for Workout Recovery, Delicious Smooth Taste, Zero Sugar, Low Net Carbs, Vanilla, 12 Servings (1.32 LB)",23.99,4.0,6525
"Dymatize Elite Casein Protein Powder, Slow Absorbing with Muscle Building Amino Acids, 100% Micellar Casein, 25g Protein, 5.4g BCAAs & 2.3g Leucine, Helps Overnight Recovery, Smooth Vanilla, 4 Pound",80.38,4.6,6947
Sunwarrior Vegan Protein Powder Organic Plant-Based Protein | BCAA Amino Acids Hemp Seed Plant Protein | Soy Free Dairy Free Gluten Free Synthetic Free Non-GMO | Vanilla 30 Servings | Warrior Blend,44.97,4.4,15048
"Orgain Organic Vegan Protein Powder, Peanut Butter - 21g Plant Protein, 7g Prebiotic Fiber, Low Net Carb, No Dairy Ingredients, No Added Sugar, For Shakes & Smoothies, 2.03 lb (Packaging May Vary)",31.52,4.6,13074
"MuscleTech Platinum 8-Hour Protein Powder - 7 Premium Protein Sources with Whey & Casein Protein for Increased Lean Muscle, Strength & Improved Recovery - Milk Chocolate, 50 Servings",61.02,4.4,5915
"BSN SYNTHA-6 EDGE Protein Powder, with Hydrolyzed Whey, Micellar Casein, Milk Protein Isolate, Low Sugar, 24g Protein, Strawberry Milkshake, 48 Servings",65.93,4.7,8112
"Optimum Nutrition 100% Gold Standard Whey Protein Powder - Protein Powder with a Blend of Hydrolyzed, Isolate & Whey - for Muscle Recovery - S'Mores, 5.64 lb (80 Servings)",79.99,4.6,8908
"Equip Foods Prime Protein Powder | Clean, Grass Fed Beef Protein Isolate | Carnivore Protein Powder | Paleo, Keto Friendly | Gluten, Dairy Free | Helps Build & Repair Tissue | 30 Servings, Unflavored",67.99,4.2,3966
FlavCity Grass Fed Whey Chocolate Protein Powder - Brownie Batter - 25g Protein & 10g Collagen - Made with Organic Cocoa & Coconut Milk - Gluten Free & No Added Sugars (20 Servings),59.99,4.1,6659
"Rule 1 Whey Protein – 24g Fast-Acting Protein from All-Whey Sources with Naturally Occurring EAAs & BCAAs for Workout Recovery or Anytime Use (5 Pounds*, Vanilla Ice Cream)",57.99,4.4,558
"Vega Sport Vegan Protein Powder + Recovery - 30g Plant Based Protein per Serving, Vanilla, 45 Servings, 5g BCAAs, Probiotics, NSF Certified, For Shakes & Smoothies, 4.1lbs (Packaging May Vary)",85.99,4.3,5211
"Clear Whey Isolate Protein Powder, Frosty Lemonade, 20g Complete Protein per Serving, No Added Sugar, Grass-Fed, 21 Servings",34.99,4.4,1054
"Garden of Life Organic Vegan Protein Powder with Probiotics, BCAAs, NSF Certified, Gluten Free & Sport, Non GMO, Sport Protein Powder, 19 Servings, Chocolate",39.87,4.1,13587
THORNE - Whey Protein Isolate - 21 Grams of Easy-to-Digest Whey Protein Powder - NSF Certified for Sport - Chocolate - 31.9 Ounces - 30 Servings,65.00,4.2,1081
"MuscleTech High Protein Mass Gainer for Men & Women - Protein Powder Shakes for Weight Gain, Muscle Building & Recovery with Creatine Monohydrate - Vanilla Milkshake, 5.15 Pound",34.99,4.3,4286
"Ancient Nutrition Grass Fed, Cage Free, Bone Broth Protein Powder, 20g Protein, Hydrolyzed Collagen Peptides, Keto & Paleo Friendly, Supports Joint, Gut Health, Vanilla, 40 Servings",73.70,4.3,15849
"Ka’Chava All-In-One Nutrition Shake Blend, Chocolate, 15 Servings, 85+ Superfoods & Nutrients, Greens Plant-Based Powder Protein Drink, Digestive Enzymes & Probiotics, Vegan Dairy Gluten Free",79.99,4.3,10242
"Muscletech Whey Protein Powder (French Vanilla Bean, 4LB) - Nitro-Tech Ripped Whey Protein Isolate & Peptides Smoothie Mix for Lean Muscle & Fast Recovery - 30g of Whey Protein for Women & Men",65.51,4.5,8195
"NOW Foods Sports Nutrition, Whey Protein Isolate, 25 g With BCAAs, Unflavored Powder, 1.2-Pound",32.03,4.3,2102
"GNC Pro Performance Weight Gainer Protein Powder, 50g Protein, High Calorie, 700 Calories, Supports Mass and Muscle Recovery, MCT, BCAA, 3rd Party Tested, Vanilla Ice Cream, 6 Servings, 2.5 lbs",34.99,4.4,2579
"NOW Foods Sports Nutrition, Pea Protein 24 g, Fast Absorbing, Unflavored Powder, 7-Pound",65.79,4.1,6958
"Garden of Life Raw Organic Protein & Greens - Vanilla - Vegan Protein Powder for Women and Men, Plant Protein, Pea Protein, Greens & Probiotics - Dairy Free, Gluten Free Low Carb Shake, 20 Servings",34.86,4.3,8461
"MusclePharm Combat Protein Powder, Vanilla Flavor, Fuels Muscles for Productive Workouts, 5 Protein Sources including Whey Protein Isolate & Egg Albumin, Gluten Free, 4 lb, 52 Servings",69.99,4.6,16247
"JAYROBB Whey Vanilla Isolate Protein Powder, Low Carb, Keto, Vegetarian, Gluten Free, Lactose Free, No Sugar Added, No Fat, No Soy, Nothing Artificial, Non-GMO, Best-Tasting (24 oz) Grass-Fed",56.95,4.6,4799
"Happy Viking Variety Pack Plant Protein Powder, Created by Venus Williams, 20G Protein, Low Carb, Keto, Vegan, Gluten-Free, Non-GMO, Superfoods, Complete Meal Replacement, 8 Single Serve Packs",29.99,4.2,2153
"TrueFit Gut Healthy Protein Powder, Grass-Fed Whey Meal Replacement Shake with Prebiotics, Probiotics, & Organic Superfoods, Keto, Gluten Free 1.85 lbs",48.99,4.3,7264
"BulkSupplements.com Grass Fed Whey Protein Powder - Whey Protein Concentrate Powder - Unflavored & Gluten Free, 30g per Serving, 1kg (2.2 lbs) (Pack of 1)",41.97,4.4,553
Nutricost Whey Protein Concentrate (Chocolate) 5LBS,59.95,4.4,8520
"GNC Pro Performance 100% Whey Protein Supplement, 25g Protein, Supports Muscle Strength and Recovery, Chocolate Supreme, 25 Servings",41.99,4.4,3612
"Garden of Life Raw Organic Protein & Greens - Vanilla - Vegan Protein Powder for Women and Men, Plant Protein, Pea Protein, Greens & Probiotics - Dairy Free, Gluten Free Low Carb Shake, 20 Servings",34.86,4.3,8461
"JYM Supplement Science Pro JYM Rocky Road Protein Powder - Whey Protein Isolates, Casein, & Milk Protein, Lean Muscle Building for Men & Women, 45 Servings",55.99,4.6,3629
"Be Well by Kelly Vanilla Grass-Fed Beef Protein Powder, 23G of Protein & Zero Carbs (3 Ingredients, 30 Servings) 9 Amino Acids + 3 BCAAs No Soy, No Dairy, Stevia-Free, No Sugar Added 1.87lb 849g",59.99,3.9,1450
"Quest Nutrition Peanut Butter Protein Powder, 23g Protein, 1g Sugar, Low Carb, Gluten Free, 3 Pound, 43 Servings",46.49,4.5,4411
"Earth Fed Muscle Whey Back Truly Grass Fed Whey - No Fillers, Flow Agents, or Synthetic Blends, Soy Free, Non GMO and Hormone Free (2 Pound, Vanilla)",59.99,4.6,628
"GHOST Whey Protein Powder, Milk Chocolate - 2LB Tub, 25G of Protein - Flavored Isolate, Concentrate & Hydrolyzed Whey Protein Blend - Post Workout Shakes - Soy & Gluten Free",49.99,4.4,13283
"Muscle Milk Genuine Protein Powder, Vanilla Crème, 1.93 Pounds, 12 Servings, 32g Protein, 2g Sugar, Calcium, Vitamins A, C & D, NSF Certified for Sport, Energizing Snack, Packaging May Vary",19.97,4.5,13420
"NAKED Whey 2LB 100% Grass Fed Whey Protein Powder - Only 1 Ingredient, Unflavored Whey Protein, Undenatured, Gluten Free, Soy Free, No GMOs, No Preservatives",41.99,4.0,20804
"Nuzest - Pea Protein Powder - Clean Lean Protein, Premium Vegan Plant Based Protein Powder, Dairy Free, Gluten Free, GMO Free, Protein Shake, Rich Chocolate, 20 Servings, 1.1 lb",44.95,4.2,545
"ALLMAX Nutrition - ISOFLEX Whey Protein Powder, Whey Protein Isolate, 27g Protein, Chocolate, 5 Pound",99.99,4.5,6193
"Orgain Protein Powder + Collagen, Vanilla Bean - 25g of Protein, 10g Collagen Peptides, Type I & III, 1B CFU Probiotics, Supports Hair, Skin, Nail, Joint & Gut Health, Gluten Free - 1.6lb",44.38,4.5,755
"Nutricost Casein Protein Powder 5lb Vanilla - Micellar Casein, Gluten Free, Non-GMO",66.95,4.4,2310
"BSN SYNTHA-6 Isolate Protein Powder, Peanut Butter Protein Powder with Whey Protein Isolate, Milk Protein Isolate, Flavor: Chocolate Peanut Butter, 48 Servings",64.99,4.5,3661
"Vega Sport Vegan Protein Powder + Recovery - 30g Plant Based Protein per Serving, Vanilla, 20 Servings, 5g BCAAs, Probiotics, NSF Certified, For Shakes & Smoothies, 1.8lbs (Packaging May Vary)",39.77,4.2,14305
"PEScience Select Protein Powder, Whey and Casein Blend, Clean Protein Powder for Women and Men, Low Calorie, Low Carb, Keto Friendly, Gluten Free, Cake Pop, 27 Servings",44.99,4.4,12409
"NutraBio Clear Protein Powder, Watermelon Breeze - 20 Servings, 20g Clear Whey Protein Isolate, 0 Sugar, 0g Lactose, Refreshing Fruit Flavors, GLP1 Support -Bone Health - Muscle Post Workout Recovery",39.99,3.7,651
"Whey Protein Powder | MuscleTech Nitro-Tech Whey Gold Protein Powder | Whey Protein Isolate Smoothie Mix | Protein Powder for Women & Men | Strawberry Protein Powder, 5 lb (69 Servings)-package varies",71.81,4.4,6302
MRM Nutrition Egg White Protein | Vanilla Flavored | 23g Fat-Free Protein | with Digestive enzymes | Highest Biological Value | Clinically Tested | 20 Servings,46.18,4.4,1992
"Natural Force Grass Fed Organic Whey Protein Powder – Non GMO Verified, Humane Certified & Lab Tested for Toxins – Real Vanilla Flavor – Keto Friendly, Low Carb, and Kosher – 5 Pound A2 Protein",149.99,4.2,1945
"TrueFit Gut Healthy Protein Powder, Grass-Fed Whey Meal Replacement Shake with Prebiotics, Probiotics, & Organic Superfoods, Keto, Gluten Free 1.85 lbs",48.99,4.3,7264
"LEGION Whey Protein Powder Chocolate - Whey+ Isolate Protein Powder - Protein Isolate from Grass Fed Cows - Non-GMO, Lactose-Free, Sugar-Free Protein Powder Dietary Supplement (60 Servings)",99.99,4.2,5677
"GNC AMP Sustained Protein Blend, Targeted Muscle Building and Exercise Formula, 4 Protein Sources with Rapid & Sustained Release, Gluten Free, Strawberry Milkshake, 28 Servings",49.99,4.5,1840
"Muscletech High-Protein Mass Gainer (Vanilla Milkshake, 6LB) - Mass Tech Extreme 2000 Mass Gainer Protein Powder Supplement - Weight Gainer for Increase Muscle, Enhanced Recovery & Strength",39.99,4.3,1562
"Orgain Whey Protein Powder, Vanilla Bean- 21g Grass Fed Dairy Protein, 5g BCAAs, 3g Prebiotic Fiber, No Sugar Added, No Added Hormones, Gluten Free, Kosher, For Shakes & Smoothies - 1.82lb",36.14,4.5,3171
"BARE PERFORMANCE NUTRITION, BPN Whey Protein + Casein Protein Powder Blend, Fudge Chocolate, 25g Protein per Serving Supports Lean Muscle Recovery, 27 Servings, Third Party Tested",49.99,4.6,2148
"Optimum Nutrition Gold Standard 100% Plant Based Protein Powder, Gluten Free, Vegan Protein for Muscle Support and Recovery with Amino Acids - Creamy Vanilla, 20 Servings (Packaging May Vary)",33.22,4.1,1734
SEEQ Clear Protein Powder - Fruit Punch - 25 Servings - 22g Clear Whey Protein Isolate - Zero Sugar - 0g Lactose - Allergen Friendly - GLP1 Support - Bone Health - Muscle Post Workout Recovery,49.00,4.2,3221
"Vega Original Essential Protein - 25g Plant-Based Protein, Creamy Vanilla, 20 Servings, Vegan Non-GMO Drink Mix, Smoothie & Shake Ready, Gluten Free, Dairy Free, 32.5oz (Packaging May Vary)",26.99,4.2,6774
"Orgain Organic 30g Vegan Protein Powder, Vanilla, 9g EAAs + BCAAs, Plant Protein, 4g Prebiotic + Fiber, 1g Sugar, Pre-Workout, Muscle Support + Recovery, PMV - 2.01lb (Packaging May Vary)",35.05,4.4,3349
NBTY OP Protein Shake Choc 6x16oz PWD US,22.99,4.5,2941
"MuscleMeds CARNIVOR Beef Protein Isolate Powder, Muscle Building, Recovery, Lactose Free, Sugar Free, Fat, Free, 23g Protein, Halal Certified, Chocolate, 56 Servings",64.07,4.2,7010
"ProMix Nutrition Whey Protein Powder, Vanilla - Grass-Fed - ­Post Workout Fitness & Nutrition Shakes, Smoothies, Baking & Cooking Recipes - Gluten-Free & Keto-Friendly - 2.5 Pound (Pack of 1)",54.99,4.1,2150
"ProMix Nutrition Whey Protein Powder, Raw Chocolate - Grass-Fed - ­Post Workout Fitness & Nutrition Shakes, Smoothies, Baking & Cooking Recipes - Gluten-Free & Keto-Friendly - 5 Pound (Pack of 2)",87.99,3.6,709
"Beverly International UMP Protein Powder, Chocolate. Unique Whey-Casein Ratio Builds Lean Muscle. Easy to Digest. No Bloat. (32.8 oz) 2lb .8 oz",45.99,4.7,6801
"Garden of Life Sport Whey Protein Powder Chocolate, Premium Grass Fed Whey Protein Isolate Plus Probiotics for Immune System Health, 24g Protein, Non GMO, Gluten Free, Cold Processed - 20 Servings",41.99,4.2,4711
"ProMix Nutrition Whey Protein Isolate Powder, Chocolate - Grass-Fed - ­Post Workout Fitness & Nutrition Shakes, Smoothies & Cooking Recipes - Gluten-Free & Keto-Friendly - 2.5 Pound (Pack of 1)",64.00,4.2,1663
"Vital Proteins Whey Protein Powder+ Collagen Peptides, 24g Protein Supporting Recovery & Joint Health, with Vitamin C, About 16 Servings - Vanilla 21.7oz",29.98,4.3,253
"Optimum Nutrition Gold Standard Pro Gainer, Weight Gainer Protein Powder, Double Chocolate, 10.19 Pounds (Packaging May Vary)",99.99,4.6,4004
"Vega Protein and Greens Protein Powder, Berry - 20g Plant Based Protein Plus Veggies, Vegan, Non GMO, Pea Protein for Women and Men, 1.3 lbs (Packaging May Vary)",31.13,4.4,27462
"REDCON1 MRE Protein Powder, Blueberry Cobbler - Meal Replacement Protein Blend Made with MCT Oil & Whole Foods - Protein with Natural Ingredients to Aid in Muscle Recovery (25 Servings)",69.99,4.4,4329
"Kaged Whey Protein Isolate Powder, PB Chocolate, 100% Pure Low Lactose Whey, Post Workout Recovery Drink, Support Muscle-Building, 25g per Serving, Amazing Taste Easy Mix for Shakes, 41 Serving",64.37,4.4,1341
"Vital Proteins Collagen Peptides Powder - Strawberry Protein Powder Blend, Lactose-Free, Made Without Gluten, 1.68lb",29.99,4.4,5398
"Orgain Organic Vegan Protein + 50 Superfoods Powder, Vanilla Bean - 21g Plant Based Protein, 8g Prebiotic Fiber, No Lactose Ingredients, Gluten Free, No Added Sugar, 1.12 lb (Packaging May Vary)",21.98,4.4,9094
"Amazing Muscle 100% Whey Protein Powder *Advanced Formula with Whey Protein Isolate as a Primary Ingredient Along with Ultra Filtered Whey Protein Concentrate (Chocolate, 5 lb)",59.99,4.2,733
"Bloom Nutrition Whey Isolate Protein Powder, Vanilla - Pure Iso Post Workout Recovery Drink Blend, Smoothie Mix with Digestive Enzymes for Gut Health - Low Carb, Keto & Zero Sugar Added",49.99,4.1,230
"Nutricost Grass-Fed Whey Protein Isolate (Vanilla) 5LBS - Non-GMO, Gluten Free, Natural Flavors",85.95,4.5,1278
"Anthony's Premium Pea Protein, 2 lb, Plant Based, Gluten Free, Unflavored, Vegan, Keto Friendly, Made from Peas",22.99,4.4,7787
"Isopure Plant-Based Protein Powder, Lactose Free, Gluten Free, With Iron, Chocolate, 20g Plant Protein Per Serving, 1.37 Lbs, 20 Servings",29.25,4.1,4907
"NutraBio 100% Whey Protein Isolate Protein Powder – 25g Protein with Complete Amino Acid Profile, Non-GMO, Soy and Gluten Free, Low Carb and Low Calorie Whey Protein Powder - Dutch Chocolate - 5 Lbs.",,4.4,3600
"Vega Sport Vegan Protein Powder + Recovery - 30g Plant Based Protein per Serving, Berry, 19 Servings, 5g BCAAs, Probiotics, NSF Certified, For Shakes & Smoothies, 1.8lbs (Packaging May Vary)",45.53,4.2,14305
"Ascent Plant Based Protein Powder - Non Dairy Vegan Protein, Zero Artificial Ingredients, Soy & Gluten Free, No Added Sugar, 4g BCAA, 2g Leucine - Chocolate, 18 Servings",41.99,4.2,679
"High Whey, Protein Powder 6LB, Whey Isolate, Gluten Free, Lean Muscle Mass for Men & Women, 25g of Protein Per Scoop, 2.7kg, 73 Servings (Chocolate Cake, 6 Pound)",64.99,4.3,253
Grass Fed Whey Protein Powder Isolate - Unflavored - Unsweetened - Certified Entire Life On Pasture - A Greener World - ASPCA Registered Brand List - Informed-Sport - 3lbs,,4.5,742
"Four Sigmatic Organic Plant-Based Protein Powder Creamy Cacao Protein with Lion’s Mane, Chaga, Cordyceps and More | Clean Vegan Protein Elevated for Brain Function and Immune Support | 21.16 oz",30.53,4.2,2470
"Whey Protein Powder - Unflavored, Unsweetened, Keto - 5lb - Low Carb, Low Calorie, No Soy, Made in USA",79.99,4.4,3409
"Muscle Milk Genuine Protein Powder, Chocolate, 1.93 Pounds, 13 Servings, 32g Protein, 2g Sugar, Calcium, Vitamins A, C & D, NSF Certified for Sport, Energizing Snack, Packaging May Vary",19.97,4.5,13420
"Orgain Organic 30g Vegan Protein Powder, Vanilla, 9g EAAs + BCAAs, Plant Protein, 4g Prebiotic + Fiber, 1g Sugar, Pre-Workout, Muscle Support + Recovery, PMV - 2.01lb (Packaging May Vary)",35.05,4.4,3349
"Ghost Whey Protein Powder, Coffee Ice Cream - 2LB Tub, 25G of Protein - Flavored Isolate, Concentrate & Hydrolyzed Whey Protein Blend - Post Workout Shakes - Soy & Gluten Free",49.99,4.4,13283
"JYM Supplement Science Pro JYM Tahitian Vanilla Protein Powder - Whey Protein Isolates, Casein, & Milk Protein, Lean Muscle Building for Men & Women, 22 Servings",31.99,4.6,3629
"Raw Grass Fed Whey Protein Powder, Happy Healthy Cows, Undenatured, GMO-Free, Hormone Free, Gluten Free, Unflavored, Unsweetened, 12 OZ",26.97,4.4,4299
"Sunwarrior Organic Plant Based Protein Powder | Vegan Organic Protein Powder with BCAA Amino Acids Plus Recovery Minerals & Botanicals | Non-GMO Soy Dairy & Gluten Free (Chocolate, 20 Servings)",44.97,4.3,986
"Paleo Pro Beef Protein Powder - Grass Fed Protein Powder Isolate - Pure Animal Based Pastured & Cage-Free | Dairy & Gluten Free, Natural and Clean Proteins for Paleo & Keto - 15 Days Supply (Cacao)",44.45,4.2,1924
"Ancestral Supplements Grass Fed Protein Powder, Vanilla, Beef Bone Broth Based with Beef Organs & Organic Mushrooms, Gut Health Support, High Protein Supplement, 20g Protein Per Serving, 30 Day Supply",74.95,4.2,312
"BulkSupplements.com Whey Protein Concentrate Powder - Whey Protein Powder Supplement, Unsweetened, Unflavored & Gluten Free, 30g per Serving, 1kg (2.2 lbs) (Pack of 1)",37.97,4.3,2032
"Transformation Protein Super Blend | Egg White, Collagen Peptides, and Plant Protein | 15 Billion CFU Probiotics | Digestive Enzymes | MCT Oil | BCAAs | Low Carb Shake for Men & Women | Vanilla",69.95,4.2,1143
"Muscle Milk Gainer Protein Powder, Vanilla Creme, 32g Protein, 5 Pound",51.79,4.4,3546
"Muscle Milk Pro Series Protein Powder Supplement, Intense Vanilla, 2 Pound, 11 Servings, 50g Protein, 3g Sugar, 20 Vitamins & Minerals, NSF Certified for Sport, Workout Recovery, Packaging May Vary",26.64,4.5,7220
"MusclePharm Combat Protein Powder, Chocolate Milk Flavor, Fuels Muscles for Productive Workouts, 5 Protein Sources Including Whey Protein Isolate & Egg Albumin, Gluten Free, 6.2 lb, 77 Servings",99.99,4.5,109
"RYSE Loaded Protein Powder - Skippy Peanut Butter - 25g Whey Protein Isolate & Concentrate with Prebiotic Fiber & MCTs - Low Carb, Low Sugar, Digestive-Friendly - 54 Servings / 4 lb Tub",79.99,4.5,5719
"GHOST Vegan Protein Powder, Cinnabon - 2lb, 20g of Protein - Plant-Based Pea & Organic Pumpkin Protein - ­Post Workout & Nutrition Shakes, Smoothies, & Baking - Soy & Gluten-Free",49.99,4.0,1537
"SASCHA FITNESS Hydrolyzed Whey Protein Isolate,100% Grass-Fed (2 Pounds, Strawberry)",54.99,4.6,25940
MRM Nutrition Whey Protein | Vanilla Flavored |18g Protein | with 2 Billion probiotics + Digestive enzymes + BCAAs | High Absorption + Digestion | Hormone + antibiotic Free | 33 Servings,32.99,4.6,1445
"simply tera's Pure Whey Protein Powder - Dark Chocolate Clean Protein Powder, Grass Fed Whey Protein Powder Without Artificial Sweeteners, Clean Label, Non-GMO, Kosher, rBGH-Free - 24 Oz",38.37,4.3,2970
"Animal 100% Whey Protein Powder – Whey Blend for Pre Workout or Post Workout, Recovery, or an Anytime Low Sugar Protein Boost Meal Replacement with BCAA Branched Chain Amino Acids – Chocolate, 4 lb",52.45,4.6,1980
"Insane Labz Insane Whey,100% Muscle Building Whey Protein, BCAA Amino Profile, Mass Gainer, Meal Replacement (Vanilla, 120 Servings)",124.99,4.4,1264
"Orgain Organic Vegan Protein Powder, Pumpkin Spice - 21g of Plant Based Protein, Non Dairy, Gluten Free, 1g of Sugar, Soy Free, Kosher, Non-GMO, 1.02 Lb (Packaging May Vary)",20.51,4.4,72135
"Nutricost Whey Protein Powder, Unflavored, 5 pounds - from Whey Protein Concentrate",59.95,4.4,8520
"TB12 Plant Based Protein Powder by Tom Brady, 24g of Vegan Pea Protein, Low Sugar, Low Carb, Non-GMO, Meal Replacement, Keto Friendly, Paleo, Sugar Free, Chocolate Flavor (30 Servings/2.25lbs)",60.00,4.4,1469
"Myprotein Impact Whey Protein Powder, 2.2 Lbs (31 Servings) Salted Caramel, 22g Protein & 5g BCAA Per Serving, Shake for Superior Performance",34.99,4.3,11362
"Mikuna Vegan Protein Powder (Vanilla, 21 Servings) - Plant Based Chocho Superfood Protein - Dairy Free Protein Powder Packed with Vitamins, Minerals & Fiber - Gluten, Keto & Lectin-Free",53.80,4.4,383
"Muscle Feast Grass-Fed Whey Protein Isolate, All Natural Hormone Free Pasture Raised, Whey Isolate Protein Powder for Men and Women, Clean, Gluten-Free, Delicious Isolate Protein - Vanilla, 5lb",111.90,4.2,4340
"Garden of Life Grass Fed Whey Protein Powder Vanilla - 21g Protein for Women & Men + Probiotics - 12 Servings - Gluten Free, Non GMO, Kosher, Humane, RBST & rBGH Hormone Free",30.09,4.3,2431
Kion Clean Protein | Grass-Fed & Pasture-Raised Whey Isolate Protein Powder | Smooth Vanilla | 30 Servings,64.95,4.3,225
"Puori Whey Protein Powder - Bourbon Vanilla - PW1 Pasture Raised, Grass-Fed & Non-GMO - 100% Natural and Pure for Muscle Growth - 21g Protein 1.98lbs - Gluten-Free",77.00,4.1,775
"NAKED Pea - Vanilla Pea Protein - Pea Protein Isolate from North American Farms - 5lb Bulk, Plant Based, Vegetarian & Vegan Protein. Easy to Digest, Non-GMO, Gluten Free, Lactose Free, Soy Free",57.99,3.9,15043
"NutraBio Classic Whey Protein Powder- 25G of Protein Per Scoop - Full-Spectrum Amino Acid Profile - No Fillers, Artificial Colors, Preservatives - Low Glycemic Index - Creamy Vanilla, 5 Pounds",79.99,4.3,1528
"Nutricost Grass-Fed Whey Protein Concentrate (Unflavored) 5LBS - Undenatured, Non-GMO, Gluten Free",71.95,4.4,761
"Vegan Protein Powder - Low FODMAP Certified, Gluten-Free, Dairy-Free, Soy-Free, 100% Gut-Friendly & Non-Bloating, Vanilla (25 Servings)",59.99,4.1,243
"Protein Powder, Grass Fed, Happy Healthy Cows, Undenatured, Hormone Free, Non-GMO, Gluten Free, Unflavored, Unsweetened, 5LB",129.97,4.4,1352
"Vega All in One Nutrition Organic - 20g Plant-Based Pea Protein, French Vanilla, 43 Servings, Vitamins A & C, Probiotics, Greens, Vegan, Keto, Gluten Free, 3.1lbs (Packaging May Vary)",102.39,4.4,10004
"Beef Protein Isolate Powder, Chocolate - Dairy Free with Natural Collagen for Keto, Paleo, Bone Broth & Low Carb Diets, 2 Pound",79.90,4.3,475
"drink wholesome Vanilla Egg White Protein Powder | for Sensitive Stomachs | Gut Friendly | Additive & Dairy Free | No Artificial Sweeteners | No Bloating, Farts or Gas | No Constipation or Diarrhea",64.99,4.3,644
"Designs for Health PurePaleo Collagen Protein Powder - 21g HydroBEEF Bone Broth Protein Supplement with Collagen Peptides + BCAAs - Chocolate, Non-GMO, Dairy-Free + Gluten-Free (30 Servings / 810g)",99.49,4.4,660
"NorCal Organic Unflavored Whey Protein - 2lbs Bulk | 100% Grass-Fed, USDA Certified | Pure, Clean Protein Sourced from Northern California Family Farms",64.99,4.4,973
"Devotion Nutrition Protein Powder Blend | Gluten Free, Keto Friendly, No Added Sugars | 1g MCT | 20g Whey & Micellar Protein | 2lb Tub (Angel Food Cake) Packaging May Vary",64.99,4.2,2479
"ALPHA LION Superhuman Whey Protein Powder, Great Tasting Pure Whey Protein Isolate, Low Carb, Low Sugar, No Bloat Post Workout, Muscle Recovery & Growth (28 Servings, PB & Gains)",59.99,4.1,1012
"Opportuniteas Grass Fed Whey Isolate Protein Powder - Unflavored 28g Protein Powder Without Artificial Sweeteners, Hormone-Free Cows, Non GMO - 1lb",39.95,4.4,4811
"Biochem, Whey Protein Powder, 20g of Protein to Support Muscles and Intense Workouts, Natural, 24.6 oz",45.44,4.6,3363
"Clean Whey Protein | Grass-Fed Undenatured Goat Whey Protein Powder | 24 g Protein Per Serving, All Natural, Non-GMO, High in Branch Chain Amino Acids | Unsweetened | 15 Servings - 16 oz",44.10,4.4,471
"Antler Farms - 100% Grass Fed New Zealand Whey Protein Isolate, Chocolate Flavor, 2 lbs - Pure and Clean, 4 Ingredients, Delicious, Cold Processed",64.99,4.4,328
"Levels 100% Micellar Casein Protein, Hormone Free, Chocolate, 4LB",79.99,4.3,680
"Labrada Hydro 100% Pure Hydrolyzed Whey Protein Isolate Powder, Lactose Free, Glutamine, Fastest Digesting Whey Available, Instant Mixing, Delicious Taste 47 Servings 4lb (Chocolate)",84.99,4.6,588
"Xwerks Grow 100% New Zealand Grass-Fed Whey Protein, 23g of Pure Isolate Protein Powder (30 Servings) All-Natural, Paleo & Keto-Friendly, Soy & Gluten-Free, and Easy to Digest (Peanut Butter)",63.99,4.4,637
"Vega Protein and Greens Protein Powder, Vanilla - 20g Plant Based Protein Plus Veggies, Vegan, Non GMO, Pea Protein for Women and Men, 1.9lbs",25.99,4.4,226
"Sprout Living Epic Protein, Plant Based Protein & Superfoods Powder, Vanilla Lucuma Powder | 20 Grams Organic Protein Powder, Vegan, Non Dairy, Non-GMO, Gluten Free, Low Sugar (1 Pound, 12 Servings)",33.20,4.3,2694
"Ancient Nutrition Organic Plant Protein +, Vegan Plant Based Protein Powder, Vanilla, Formulated by Dr. Josh Axe, Dairy-Free, Gluten-Free, Non-GMO, No Sugar Added, Paleo Friendly Supplement 11.5 oz",38.21,4.3,395
"BulkSupplements.com Grass Fed Whey Protein Powder - Whey Protein Concentrate Powder - Unflavored & Gluten Free, 30g per Serving, 1kg (2.2 lbs) (Pack of 1)",41.97,4.4,553
"Orgain Organic Vegan Protein Powder + Greens, Vanilla Bean - 21g Plant Based Protein, 6g Prebiotic Fiber for Gut Health, Gluten Free, No Lactose Ingredients, No Sugar Added, Non-GMO - 1.94lb",31.52,4.5,5073
"ICONIC Protein Powder, Vanilla Bean - Sugar Free, Low Carb Protein Powder - Lactose Free, Gluten Free, Non-GMO - 20g Grass Fed Whey & Casein Protein - Keto Friendly, 1 lb Pouch (18 Servings)",41.99,4.2,2455
"ProMix Nutrition Vegan Protein Powder, 25g Plant Based Organic Canadian Yellow Pea Protein, Vitamin B12, BCAAs, Gluten-Free - Vanilla, 2.5 Pound",47.99,3.8,1015
"Gorilla Mind Premium Whey Protein - Cookies and Cream, 25 Grams of Whey Protein Isolate & Concentrate,Recover and Build Muscle (30 Servings)",49.99,4.4,613
"MuscleMeds Carnivor Shred Fat Burning Hydrolized Beef Protein Isolate, 0 Lactose, 0 Sugar, 0 Fat, Chocolate, 4.35 lbs",60.77,4.3,1596
Momentous Essential Grass-Fed Whey Protein Powder - 20 g Whey Isolate Protein - NSF Certified for Sport® - Gluten-Free - 24 Servings for Essential Everyday Use - Chocolate - Package May Vary,54.95,4.0,356
"NAKED Chocolate Mass Gainer - All Natural Weight Gainer Protein Powder - 8lb Bulk, GMO Free, Gluten Free & Soy Free. No Artificial Ingredients - 1,360 Calories",69.99,4.3,4484
"MuscleMeds CARNIVOR Mass Gainer Beef Protein Isolate Shake, 50 Grams Protein, 125 Grams Carbs, 0 Fat, 0 Sugar, Lactose Free, Halal Certified, Chocolate Peanut Butter, 6 Pound",53.74,4.4,2510
"GHOST Whey Protein Powder, Peanut Butter Cereal Milk - 2LB Tub, 26G of Protein - Flavored Isolate, Concentrate & Hydrolyzed Whey Protein Blend - Post Workout Shakes - Soy & Gluten Free",49.99,4.4,13283
"Muscle Milk Genuine Protein Powder, Strawberries 'N Crème, 32g Protein, 4.94 Pound",51.08,4.5,13420
RYSE Loaded Protein Powder - Little Debbie Strawberry Shortcake Rolls - 25g Whey Protein Isolate & Concentrate with Prebiotic Fiber & MCTs - Low Carb & Low Sugar - 27 Servings / 2 lb Tub,44.99,4.5,5719
"NAKED Whey Chocolate Protein Powder - Only 3 Ingredients - Grass Fed Whey Protein Powder, Organic Chocolate and Organic Coconut Sugar, No GMO, No Soy, and Gluten Free - 24 Servings",41.99,4.0,20804
"Gorilla Mind Premium Whey Protein - Cookies and Cream, 25 Grams of Whey Protein Isolate & Concentrate,Recover and Build Muscle (30 Servings)",49.99,4.4,613
Carlyle Grass Fed Whey Protein Powder | 2lb | 33g of Protein Per Serving | Unflavored | Sugar and Hormone Free | Non-GMO and Gluten Free Supplement | by Herbage Farmstead,35.99,4.2,244
"Paleovalley 100% Grass Fed Beef Bone Broth Protein Powder - Rich in Collagen Peptides for Hair, Skin, Gut Health, Bone and Joint Support - 28 Servings, 15g Protein Per Serving - No Gluten or GMOs",66.99,4.3,1242
"MuscleMeds CARNIVOR Mass Gainer Beef Protein Isolate Shake, 50 Grams Protein, 125 Grams Carbs, 0 Fat, 0 Sugar, Lactose Free, Halal Certified, Chocolate Peanut Butter, 6 Pound",53.74,4.4,2510
"PlantFusion Complete Vegan Protein Powder - Plant Based Protein Powder With BCAAs, Digestive Enzymes and Pea Protein - Keto, Gluten Free, Soy Free, Non-Dairy, No Sugar, Non-GMO - Vanilla Bean 2 lb",39.99,4.2,9712
"KOS Organic Plant Based Protein Powder, Chocolate Peanut Butter - Delicious Vegan Protein Powder - Keto Friendly, Gluten Free, Dairy Free & Soy Free - 15 Servings",34.99,4.4,2768
"PEScience Select Protein Powder, Whey and Casein Blend, Clean Protein Powder for Women and Men, Low Calorie, Low Carb, Keto Friendly, Gluten Free, Chocolate Truffle, 27 Servings",44.99,4.4,12409
"Gatorade Recover Protein Shake, Chocolate, 20g Protein, 11.6 fl oz Plastic Bottle, Pack of 12",24.47,4.5,1890
"Insane Labz Insane Whey,100% Muscle Building Whey Protein, BCAA Amino Profile, Mass Gainer, Meal Replacement (Chocolate, 120 Servings)",124.99,4.4,1264
RIVAL NUTRITION Clean Gainer - Chocolate Fudge 10 lbs,64.23,4.7,8
NutraOne ProteinOne Whey Protein Promote Recovery and Build Muscle with a Protein Shake Powder for Men & Women (Chocolate PB Cup - 2 LB),44.99,4.4,993
"UpNourish Vanilla Cookie Vegan Protein Powder 54 Superfoods Powder,1.5 Billion CFU Probiotics 21g Plant Based Protein,No Sugar No Dairy No GMO Dairy Free,Meal Replacement Shake Keto-Friendly Low-Carb Diet,15 Servings",28.99,4.0,337
"Unflavored Protein Powder - New Formula - Lactose-Free, Gluten-Free, & Non-GMO Whey Isolate Supplement Shake (3rd Generation, 60 Servings)",93.13,4.3,731
"NAKED Shake - Blueberry Muffin Protein Powder - Flavored Plant Based Protein from US & Canadian Farms with MCT Oil, Gluten-Free, Soy-Free, No GMOs or Artificial Sweeteners - 30 Servings",41.99,4.1,2717
"Flip 7 Natural SuperFood, Plant-Based Protein, Complete Meal Replacement to Support Healthy Gut, 7 Mega Nutrient Rich Blends all in one to AGE BETTER - Vanilla",54.98,4.0,157
"MusclePharm Combat Protein Powder, Chocolate Milk Flavor, Fuels Muscles for Productive Workouts, 5 Protein Sources including Whey Protein Isolate & Egg Albumin, Gluten Free, 4.2 lb, 52 Servings",69.99,4.6,16247
"Antler Farms - 100% Grass Fed New Zealand Whey Protein Isolate, Unflavored, 2 lbs - Pure and Clean, 2 Ingredients, Delicious, Cold Processed",64.99,4.4,328
"Orgain Organic Simple Vegan Protein Powder, Vanilla - 20g Plant Based Protein, Made with less Ingredients, No Artificial Sweeteners, Gluten Free, No Dairy or Lactose, 1.25 lb (Packaging May Vary)",24.99,4.2,6198
"Designer Wellness, Designer Whey, Natural Whey Protein Powder with Probiotics, Fiber, and Key B-Vitamins for Energy, Gluten-Free, French Vanilla, 2 lb",38.79,4.2,4714
"Happy Viking Triple Chocolate Protein + Superfoods Powder, Created by Venus Williams, 20G Protein, Low Carb, Keto, Vegan, Gluten-Free, Non-GMO, Complete Meal Replacement, 1 Canister (24 oz.)",49.99,4.2,2153
"Jacked Factory Authentic ISO Grass Fed Whey Protein Isolate Powder - Low Carb, Non-GMO Muscle Building Protein w/No Fillers, Post Workout Recovery, Chocolate",39.99,4.4,1967
"Maxler 100% Golden Whey Protein - 24g of Premium Whey Protein Powder per Serving - Pre, Post & Intra Workout - Fast-Absorbing Whey Hydrolysate, Isolate & Concentrate Blend - Vanilla Ice Cream 2 lbs",29.99,4.3,1555
"Bariatric Advantage High Protein Meal Replacement Drink Mix, Protein Powder Whey Isolate for Gastric Bypass and Sleeve Gastrectomy Patients, 27g Protein, Lactose Free - Vanilla - 28 Servings",73.98,4.6,701
"Falcon Performance Vegan Protein Powder, 31g Protein, 5g Creatine, 5g BCAA, Probiotics, Electrolytes, Pre Workout, Low Carb, Sugar Free & Dairy Free, Plant Based Chocolate Protein -19 servings",44.99,4.1,8913
"POWERLIFE High Impact Plant Protein Powder with 3000 MG of HMB, Plant-Based, No Sugar Added, Vegan, Keto Friendly, Non-GMO (Chocolate - New Formula)",57.95,3.7,521
"Designer Wellness, Designer Lite, Low Calorie Natural Protein, Prebiotic Fiber, Key Vitamins & Minerals, Vanilla Cupcake, 9.03 Ounces",13.49,4.2,7186
"Ritual Vegan Protein Powder with BCAA: 20g Organic Pea Planted-Based Protein from Regenerative Farms in USA, Complete Amino Acid Profile, Gluten Free, Sugar Free, Dairy Free, Vanilla, 1 Lbs",48.99,4.0,576
"Axe & Sledge Farm Fed 100% Whey Protein Isolate | 25g Protein | Low Carb, Low Sugar, Gluten Free | Protein Powder for Men and Women | Keto | Made in The USA | 28 Servings, Chocolate Milkshake",56.99,4.5,249
"Ora Organic Vegan Protein Powder - 23g Plant Protein for Women and Men - Chocolate Flavor 20 Servings, Bloat-Free, Gluten Free, Non-GMO, No Artificial Sweeteners",49.99,4.0,6634
"NOW Foods Sports Nutrition, Egg White Protein, 16 g With BCAAs, Unflavored Powder, 1.2-Pound",27.69,4.3,4134
"Sprout Living Organic Pumpkin Seed Protein Powder, Unflavored, 20 Grams of Plant Based Protein Powder Without Artificial Sweeteners, Non Dairy, Non-GMO, Vegan, Gluten Free (1 Pound, 15 Servings)",29.66,4.4,2316
"EScience Select Vegan Protein Powder, Plant Based with Amazing Taste, Smooth Texture, Pea Protein Brown Rice Blend, Dairy Free, Gluten Free, Soy Free, 27 Servings, Vanilla Indulgence",44.99,4.2,1712
MRM Nutrition Veggie Elite Performance Protein | Vanilla Bean Flavored| Plant-Based Protein| Easy to Digest | with BCAAs| Vegan + Gluten-Free | Clinically Tested| Digestive enzymes | 30 Servings,34.96,4.3,2692
"Nutricost Organic Pea Protein Isolate Powder (5LBS) - Unflavored, Certified USDA Organic, Protein from Plants, Vegetarian Friendly, Gluten Free, Non-GMO",62.95,4.2,872
"Labrada Nutrition Lean Body Hi-Protein Meal Replacement Shake, Vanilla, 2.47-Pound Tub Packaging May Vary",44.06,4.4,5511
"Vega Protein Made Simple Protein Powder, Vanilla - Stevia Free, Vegan, Plant Based, Healthy, Gluten Free, Pea Protein for Women and Men, 9.2 oz (Packaging May Vary)",14.63,4.2,8527
Unflavored Protein Powder | 21g 100% Whey Isolate Protein Powder | Unflavored Whey Protein Powder | Low Carb and Sugar Free Whey Protein Isolate | Gluten Free | Certified Kosher | 15 Servings,32.99,4.0,443
"NutriBiotic Certified Organic Plain Rice Protein, 21 Ounce | Low Carbohydrate Vegan Protein Powder | Raw, Certified Kosher & Keto Friendly | Made Without Chemicals, GMOs & Gluten | Easy to Digest",21.94,4.1,1482
Ambrosia Planta - Premium Organic Plant-Based Protein | Vegan & Keto Friendly | Gourmet Flavors with No Bloating or Stomach Upset | Gluten & Soy Free | No Added Sugar | 25 Servings | Vanilla,52.99,4.2,2434
"Glucerna Hunger Smart Powder, Diabetic Drink to Support Blood Sugar Management, 22g Protein, 130 Calories, Classic Vanilla, 22.3-oz Tub, 2 Count",40.54,4.4,2216
"SlimFast Meal Replacement Powder, Original Rich Chocolate Royale, 10g of Protein, 22 Servings (Packaging May Vary)",11.28,4.6,14316
"PBfit 24 Ounce Simply Peanut Powdered Peanut Powder, No Added Sugar or Salt, Non-GMO, Plant-Based, Gluten-Free Protein Powder, 9g of Protein 9% DV",17.66,4.6,9329
"Micro Ingredients North America Grown, Organic Pea Protein Powder, 1KG (2.2 Pounds) | Plant-Based Vegan Protein, Meatless Protein Supplement, Rich in Branched Chain Amino Acids | Non-GMO, Soy Free",35.99,4.4,1726
"SOLO Organic Pea Protein Isolate, Low in Sodium, Canada Grown Peas, 100% Vegan, Non-GMO, Unflavored Plant Based Protein Powder with BCAA, Keto & Paleo Friendly, Easy to Digest, No Additives (2.7 lbs)",35.95,4.3,1101
"ALOHA Organic Plant Based Protein Powder, Stevia Free, Chocolate, 19.6 oz, 15 Servings",32.99,4.2,4252
"NAKED Rice 1Lb - Organic Brown Rice Protein Powder - Vegan Protein Powder, GMO Free, Gluten Free & Soy Free. Plant-Based Protein, No Artificial Ingredients - 15 Servings",21.99,4.0,1984
"Rule 1 R1 Protein Whey Isolate - with 25g Protein & 6g BCAA Exclusively from Isolated & Hydrolyzed Sources for Workout Recovery (2 Pounds*, Chocolate Fudge)",39.99,4.6,1040
Grass Fed Beef Protein Powder - Lactose Free Great Tasting Beef Protein Isolate. Complete Animal Based Non Dairy Paleo Carnivore Supplement for Prime Muscle Building. No Whey. Vanilla Flavor,47.95,4.2,277
"Falcon Organic Vegan Protein Powder Vanilla, 24g Protein, Sugar Free, Probiotics, Low Carb, Keto Friendly, Dairy Free, Lactose Free, Non Whey, Plant Based Pea Protein Powder - 18 Servings",34.99,4.2,11172
"GHOST Clear Whey Isolate Protein Powder, Strawberry Watermelon - 1.57 LB Tub, 25G of Whey Protein - Post Workout Drink for Muscle Gain & Recovery – Sugar Free, Soy Free & Zero Fat, 20 Servings",44.99,4.4,69
"Myprotein Clear Whey Isolate Protein Powder, 1.1 Lb (20 Servings) Peach Mango, 20g Protein per Serving, Naturally Flavored Drink Mix",29.99,3.8,1762
"simply tera's Pure Whey Protein Powder - Grass Fed Whey Protein Powder, Clean Protein Powder, Natural Protein Powder with Whey Protein, Unflavored Protein Powder, Non-GMO, Kosher, Unsweetened - 12 Oz",22.67,4.5,882
"SlimFast High Protein Meal Replacement Shake Powder, 12 Servings (Pack of 2), Advanced Nutrition Smoothie Mix, Digestive Support, Gluten Free, Creamy Chocolate, 20g of Protein (Packaging May Vary)",24.00,4.5,9296
Healthy Heights Grow Daily Kids Protein Drink Mix (Plain) - High Protein Shake for Kids 3+,,4.3,397
"Orgain Keto Collagen Protein Powder with MCT Oil, Vanilla - Paleo Friendly, Grass Fed Hydrolyzed Collagen Peptides Type I and III, Dairy Free, Gluten Free, Soy Free, 0.88 Lb (Packaging May Vary)",26.99,4.4,16296
"Bone Broth Protein Powder – Pure Grass-Fed Beef Bone Broth, Unflavored with Natural Collagen, Glucosamine & Gelatin – Paleo & Keto-Friendly, Non-GMO, Dairy-Free for Gut Health & Joint Support 32oz",54.94,4.2,5712
"RYSE Loaded Protein Powder - Jet-Puffed Marshmallow - 25g Whey Protein Isolate & Concentrate with Prebiotic Fiber & MCTs - Low Carb, Low Sugar, Digestive-Friendly - 27 Servings / 2 lb Tub",44.99,4.5,5719
"GHOST Whey Protein Powder, Cereal Milk - 2LB Tub, 25G of Protein - Flavored Isolate, Concentrate & Hydrolyzed Whey Protein Blend - Post Workout Shakes - Soy & Gluten Free",49.46,4.4,13283
Nutricost Whey Protein Isolate Powder (Milk Chocolate) 5LBS,72.89,4.4,9092
"Muscle Milk Pro Series Protein Powder Supplement,Knockout Chocolate,2 Pound,11 Servings,50g Protein,3g Sugar,20 Vitamins & Minerals,NSF Certified for Sport,Workout Recovery,Packaging May Vary",26.64,4.5,7220
"Bone Broth Protein Powder – Pure Grass-Fed Beef Bone Broth, Unflavored with Natural Collagen, Glucosamine & Gelatin – Paleo & Keto-Friendly, Non-GMO, Dairy-Free for Gut Health & Joint Support 32oz",54.94,4.2,5712
"NAKED Vegan Mass - Vanilla Vegan Weight Gainer - 1,230 Calories, Non-GMO, Soy & Gluten Free, No Artificial Ingredients - 8LB Bulk - 11 Servings",69.99,4.3,4821
"Vi Shape Original Nutritional Shake Mix Sweet Cream Flavor | 22oz (1 Bag, 24 Servings)",59.95,4.6,8837
"OM MUSHROOM SUPERFOOD Master Blend Plant-Based Protein Powder, 16 Servings, Creamy Vanilla with 10 Mushroom Blend & Adaptogens for Recovery, GLP-1 Support",26.55,4.4,588
"Muscle Milk Gainer Protein Powder, Vanilla Creme, 32g Protein, 5 Pound",51.79,4.4,3546
"Nuzest - Pea Protein Powder - Clean Lean Protein, Premium Vegan Plant Based, Dairy Free, Gluten Free, GMO Free, Naturally Sweetened Protein Shake, Smooth Vanilla, 20 Servings, 1.1 lb",44.95,4.2,861
"Insane Labz Insane Whey,100% Muscle Building Whey Protein, Post Workout, BCAA Amino Profile, Mass Gainer, Meal Replacement, 5lbs, 60 Srvgs, (Birthday Cake)",69.99,4.4,1264
"MusclePharm Combat Protein Powder, Chocolate Milk Flavor, Fuels Muscles for Productive Workouts, 5 Protein Sources Including Whey Protein Isolate & Egg Albumin, Gluten Free, 2 lb, 24 Servings",42.99,4.4,101
"RAW Whey Isolate Protein Powder, Mint Chip Ice Cream (CBUM Itholate Protein) - 100% Grass-Fed Sports Nutrition Powder for Muscle Growth & Recovery - Low-Fat, Low Carb, Naturally Flavored - 25 Servings",38.90,4.3,1737
"Whey Protein Powder , MuscleTech Nitro-Tech Whey Gold Protein Powder , Whey Protein Isolate Smoothie Mix , Protein Powder for Women & Men , Vanilla Protein Powder, 5 lbs (69 Serv)-package varies",71.81,4.4,6302
"Optimum Nutrition Micronized Creatine Monohydrate Powder, Unflavored, 120 Servings, 600 Grams (Packaging May Vary)",24.27,4.6,76708
"PBfit 30 Ounce Classic Peanut Butter Powder, Powdered Peanut Butter Spread From Real Roasted Peanuts, 8g of Protein 8% DV, Gluten-Free, 60 calories, 87% less fat (Pack of 1)",14.87,4.7,32697
"Clean Vegan Protein Powder Vanilla - Plant Based Protein, Dairy Free, for Gut Health, No Sodium, High Fiber, Keto Friendly, Non Dairy, Lactose Free Protein Powder",32.00,4.4,389
"Nutricost Beef Bone Broth Protein Powder Chocolate (20 Servings) - Gluten-Free, GMO-Free",21.95,4.5,92
"Gorilla Mind Premium Whey Protein - Birthday Cake, 25 Grams of Whey Protein Isolate & Concentrate,Recover and Build Muscle (30 Servings)",49.99,4.4,613
"ALPHA LION Superhuman Whey Protein Powder, Great Tasting Pure Whey Protein Isolate, Low Carb, Low Sugar, No Bloat Post Workout, Muscle Recovery & Growth (28 Servings, Cookie Collision)",59.99,4.1,1012
"NutraBio Clear Protein Powder, Fruit Punch - 20 Servings, 20g Clear Whey Protein Isolate, 0 Sugar, 0g Lactose, Refreshing Fruit Flavors, GLP1 Support - Bone Health - Muscle Post Workout Recovery",39.99,3.7,651
"Muscle Milk 100% Whey Protein Powder, Chocolate, 5 Pound, 66 Servings, 25g Protein, 2g Sugar, Low in Fat, NSF Certified for Sport, Energizing Snack, Workout Recovery, Packaging May Vary",73.09,4.4,7281
"Orgain Hydrolyzed Collagen Peptides Powder For Women & Men, 20g Grass Fed Collagen, Unflavored - Hair, Skin, Nail, & Joint Support Supplement, Paleo & Keto, Non-GMO, Type I and III, 1lb",15.97,4.4,36851
"BetterBody Foods Organic Plant Based Protein Powder, 16g of Protein 24% DV, Vegan, Low Net Carbs, Gluten Free, Dairy Free, No Sugar Added, Soy Free, Non-GMO, 12.7 Ounces",12.96,4.3,984
"Whey Isolate Protein Powder, Unflavored Protein Powder, Whey Protein Powder for Muscle Growth & Recovery, 26g of Protein, 5.5g BCAAs, Gluten Free & No Sugars, 16 Servings, 1.10 Pound (500 g)",17.49,4.1,105
"NOW Foods Sports Nutrition, Whey Protein Isolate, 25 G With BCAAs, Creamy Vanilla Powder, 1.8-Pound",37.00,4.3,1335
"Ancient Nutrition Advanced Hydrolyzed Collagen Peptides Powder Protein Lean with Probiotics and Vitamin C, Cinnamon, for Women & Men, Supports Healthy Weight Management & Muscle Building, 25 Servings",43.50,4.0,597
INVIGOR8 Superfood Grass Fed Whey Protein Isolate Shake Chocolate Brownie Gluten-Free and Non GMO Meal Replacement with Probiotics and Omega 3 (645g),38.81,4.2,3624
Sports Research Organic Collagen Peptides - Hydrolyzed Type I & III Collagen Protein Powder Made Sustainably from Grass-Fed Cows - Unflavored - 30 Servings,32.95,4.6,137679
"Bluebonnet Nutrition Whey Protein Isolate Powder, Whey from Grass Fed Cows, 26 Grams of Protein, No Sugar Added, Gluten Free, Soy Free, Kosher Dairy, 2.2 lbs, 32 Servings, Original Unflavored",50.36,4.5,2296
"365 by Whole Foods Market, Whey Protein Concentrate, Vanilla, 16 Ounce",20.99,5.0,4
"Ancient Nutrition Grass Fed Whey Protein, Milk Chocolate, 23g Protein, 20 Servings, Hydrolyzed Collagen Peptides, Organic Regenerative A2/A2 Milk Protein",47.64,4.6,345
"Nutrex Research Whey Protein Powder, Chocolate Muscle Infusion Whey Isolate w/EAA & Hi BCAA for Muscle Gain - 5 Pounds - Muscle Builder for Men & Women, Sports Nutrition, Delicious Taste & Texture",58.99,4.4,131
"SFH Pure Whey Protein Powder (Vanilla) Best Tastin Grass Fed Whey | All Natural | Non-GMO, No Artificials, Soy Free, Gluten Free | (Vanilla, 31.9 Ounce (Pack of 1)",55.99,4.3,1529
"Chike High Protein Iced Coffee Sampler Pack, 20 G Protein, 2 Shots Espresso, 1 G Sugar, Keto Friendly and Gluten Free, 6 Single Serve Packets",17.95,4.4,2423
"Myprotein Impact Whey Protein Isolate, 5.5 Lbs (81 Servings) Vanilla, 25g Protein, 3.5g Glutamine & 4.5g BCAA Per Serving, Protein Shake for Muscle Strength & Recovery",99.99,4.3,1549
"Rise Grass-Fed Whey Protein Powder - Vanilla | 25g Protein No Artificial Flavors, Colors, or Preservatives - Sugar Free, Gluten-Free, Soy Free (2.3 lbs)",39.99,4.3,326
"Clean Vegan Protein Powder Chocolate | Organic Protein Powder Plant Based Formula with 5 Superfood Blend Sprouted & Fermented | Non-GMO Low Carb Soy Dairy & Gluten Free (Chocolate, 30 Servings)",44.97,4.2,1633
"Core Power Elite High Protein Shake, Chocolate, 42g Bottle, 14oz, 12 Pack",46.10,4.6,21112
"MusclePharm Combat 100% Whey Protein Powder, Chocolate Milk, Fast Recovery & Muscle Gain with Whey Protein Isolate, High Protein Powder for Women & Men, Gluten Free, 5 Lb, 70 Servings",84.99,4.6,5766
"Designs for Health PurePea - 20g Vegan Pea Protein, Non-GMO Natural Drink Mix Powder Supplement, Vanilla (15 Servings / 450g)",53.49,4.4,506
Healthy Heights Grow Daily Kids Protein Drink Mix (Plain) - High Protein Shake for Kids 3+,24.95,4.3,187
"Horbaach Multi Collagen Protein Powder 32 oz | Type I, II, III, V, X | Hydrolyzed Collagen Peptides | Keto & Paleo Friendly | Unflavored & Gluten Free",29.49,4.4,3489
"Gaspari Nutrition Proven Egg, 100% Egg White Powder, 25g Protein, Keto Friendly, Dairy, Lactose, and Soy Free (2 lbs, Chocolate)",59.99,4.3,856
"Dymatize Performance Protein Shake, Fruity Pebbles, 30g of Protein, 6.2g BCAA for Muscle Recovery, No Added Sugar, Low Fat, 24 Vitamins and Minerals, Gluten-Free, Ready to Drink, On-the-Go Snack, 11.5fl oz, 12 pack",33.99,4.6,976
"Musclesport Lean Whey Revolution™ Protein Powder - Whey Protein Isolate - Low Calorie, Low Carb, Low Fat, Incredible Flavors - 25g Protein per Scoop - 5lb Chocolate Peanut Butter",104.99,4.3,793
"Garden of Life Creamy Vanilla Cookie Protein Powder + Oatmilk 20g Organic Vegan Plant Based Protein, Coconut Water, MCTs, Sprouted Grains, Prebiotics, Probiotics – Non-GMO, Gluten-Free, 1.90 LB",32.63,4.2,265
"Santa Cruz Paleo Beef Isolate Protein Powder, Chocolate, Rich in Collagen Peptides, Gluten Free, Keto, Sugar Free, Paleo, 20g Grass Fed Protein Per Serving, Low Calorie Clean Protein Powder, 1.29 Lbs",49.99,4.1,465
"GNC AMP Wheybolic Ripped Protein Powder & Thermogenic Protein Supplement, Muscle Strength & Size, Energy & Endurance, 40g Protein, 6.2g Leucine, 15g EAA, Caffeine, Classic Vanilla, 22 Servings",74.99,4.5,1092
"Wholesome Wellness Multi Collagen Protein Powder Hydrolyzed (Type I II III V X) Grass-Fed All-in-One Super Bone Broth + Peptides - Premium Blend of Beef, Chicken, Wild Fish, Eggshell, 58 Servings",35.99,4.5,19775
"Revive Naturals Multi Collagen Hydrolyzed Protein Powder (16oz) - Types I, II, III, V & X - Grass Fed Bovine, Wild Caught Marine, Free Roaming Chicken & Eggshell Collagen Peptides,",24.99,4.5,11976
"NAKED Goat - Pasture Fed Goat Whey Protein Powder from Small-Herd Wisconsin Dairies, 2Lb Bulk, GMO Free, Soy Free. Easy to Digest - All Natural - 23 Grams of Protein - 30 Servings",74.99,4.2,986
"REDCON1 Isotope 100% Whey Isolate, Vanilla - Keto Friendly Whey Protein Powder - Low Carb + No Added Sugar Whey Protein Isolate - Lactose Free Keto Protein Powder (30 Servings)",39.99,4.4,741
"Metabolic Nutrition - Protizyme - Whey Protein Powder, High Protein, Low Carb, Low Fat with Digestive Enzymes, 24 Essential Vitamins and Minerals, Banana Creme, 2 Pound",49.99,4.4,2388
"Evolve Protein Powder, Ideal Vanilla, 20g Protein, 1 Pound",21.19,4.2,1441
"Live Conscious Vegan Pea Protein Powder - Vanilla Dream Flavor | Plant-Based Vegan Protein Blend - Pea, Brown Rice, Pumpkin, Sacha Inchi | 20 Servings 18 oz",42.00,3.9,679
"GNC AMP Wheybolic Clinically Proven Protein Powder, 40g Whey Protein, BCAA, Leucine, Increases Muscle Strength, Muscle Building, 3rd Party Tested, Gluten Free, Chocolate Fudge, 25 Servings",69.99,4.5,435
"BSN TRUE-MASS Weight Gainer, Muscle Mass Gainer Protein Powder, Vanilla Ice Cream, 5.82 Pound",67.14,4.5,4885
"NaturesPlus SPIRU-TEIN, Vanilla - 1.06 lbs - Spirulina Protein Powder - Vitamins & Minerals for Energy - Vegetarian, Gluten Free - 16 Servings",25.46,4.6,947
"Biotest Metabolic Drive Functional Protein - Whey Isolate/Micellar Casein Blend - Lab-Tested (2lb, Chocolate)",65.98,4.6,126
"GHOST Whey Protein Powder, Marshmallow Cereal Milk - 2LB Tub, 25G of Protein - Flavored Isolate, Concentrate & Hydrolyzed Whey Protein Blend - Post Workout Shakes - Soy & Gluten Free",49.99,4.4,13283
"Nutricost Whey Protein Powder, Vanilla, 5 pounds - Whey Protein Concentrate",59.95,4.4,8520
"Muscle Milk Pro Series Protein Powder Supplement, Slammin' Strawberry, 2 Pound, 11 Servings, 50g Protein, 3g Sugar, 20 Vitamins & Minerals, NSF Certified for Sport, Packaging May Vary",27.98,4.5,7220
"TrueFit Gut Healthy Protein Powder, Grass-Fed Whey Meal Replacement Shake with Prebiotics, Probiotics, & Organic Superfoods, Keto Friendly, Gluten Free",48.99,4.3,7264
"Muscle Milk Pro Advanced Nutrition Protein Shake, Slammin' Strawberry, 11.16 Fl Oz (Pack of 12), 32g Protein, 1g Sugar, 16 Vitamins & Minerals, 5g Fiber",30.41,4.5,631
"Protein for Her, Vanilla Cupcake Whey Protein Powder with CLA and Biotin for a Healthy Glow (1.85 lbs)",39.99,4.4,1271
"NOW Foods Sports Nutrition, Whey Protein, 24 g With BCAAs, Creamy Chocolate Powder, 10-Pound",84.50,4.3,545
"Fitness Labs Whey Protein Powder Unflavored | 5 lbs | 80 oz | Easy Mix Ultimate Supplement | Non-GMO, Gluten Free",59.99,4.3,136
"LeanFit WHEY Protein Natural Vanilla – 100% Whey Protein Powder, 24g Protein Per Serving – Grass-Fed, Gluten-Free, Low Carb, BCAAs, Amino Acid – 23 Servings, 1.83 Pound Tub",39.99,4.4,111
"It's Just! - 100% Pea Protein, Vegan Plant Based, Grown in Canada, Premium Quality, Smooth Texture, Non-GMO, Gluten Free, Keto Friendly (1.5 Pound, Unflavored)",14.99,4.0,455
"Gatorade Whey Protein Recover Bars, Peanut Butter Chocolate, 2.8 ounce bars (Pack of 12)",23.79,4.5,22985
"ALPHA LION Superhuman Whey Protein Powder, Great Tasting Pure Isolate, Low Carb, Sugar, No Bloat Post Workout, Muscle Recovery & Growth (28 Servings, Anabolic Cereal) 31.2175 Ounce",59.99,4.1,1012
"Insane Labz Insane Whey,100% Muscle Building Whey Protein, Post Workout, BCAA Amino Profile, Mass Gainer, Meal Replacement, 5lbs, 60 Srvgs, (Vanilla)",69.99,4.4,1264
"Premier Protein Powder Plus Fiber, 25g Protein, 7g Fiber, Vanilla, No Added Sugar,17 Servings",27.70,,
"NOW Foods Sports Nutrition, Whey Protein Isolate, 25 G With BCAAs, Creamy Chocolate Powder, 5-Pound",67.77,4.2,1125
Mutant Mass | Weight Mass Gainer Protein Powder - high Calorie Protein Powder for Mass gain - Strawberry Banana - 5 Pound,53.47,4.4,5653
"Simply tera's Pure Whey Protein Powder - Vanilla Protein Powder, Grass Fed Whey Protein Powder, Clean Protein Powder Without Artificial Sweeteners, Non-GMO, Kosher, rBGH-Free, Soy-Free - 24 Oz",33.68,4.4,933
"BPI Sports Best Protein – 100% Whey Protein Powder – Muscle Growth, Recovery, Meal Replacement – No Fillers, Gluten Free – Best Protein Powder for Men & Women | Chocolate Brownie – 5.1 Pounds",60.60,4.1,2258
"Clean Simple Eats Whey Protein Powder, Chocolate Brownie Batter Flavor Naturally Sweetened, 100% Grass Fed Protein Powder with Digestive Enzymes & No Artificial Ingredients, Gluten Free, 30 Servings",64.99,4.4,1465
"Antler Farms - 100% Grass Fed New Zealand Whey Protein Isolate, Vanilla Flavor, 2 lbs - Pure and Clean, 4 Ingredients, Delicious, Cold Processed",64.99,4.4,328
"RAW Whey Isolate Protein Powder, Cinnamon Crunch (CBUM Itholate Protein) - 100% Grass-Fed Sports Nutrition Powder for Muscle Growth & Recovery - Low-Fat, Low Carb, Naturally Flavored - 25 Servings",47.98,4.3,1737
"MusclePharm Combat 100% Whey Protein Powder, Chocolate Milk, Fast Recovery & Muscle Gain with Whey Protein Isolate, High Protein Powder for Women & Men, Gluten Free, 5 Lb, 70 Servings",84.99,4.6,5766
"DEAL SUPPLEMENT Unflavored Pea Protein Powder, 5lbs – Premium North American Grown Peas – Easily Digested Isolate Form – Great for Shakes, Bars, or Snacks – 27g Protein Serving, Soy Free, Vegan",38.99,4.2,351
"NOW Foods Sports Nutrition, Soy Protein Isolate 20 g, 0 Carbs, Unflavored Powder, 2-Pound",23.25,4.3,1178
"NaturesPlus SPIRU-TEIN, Vanilla - 2.12 lbs - Spirulina Protein Powder - Vitamins & Minerals for Energy - Vegetarian, Gluten Free - 32 Servings",45.43,4.6,1880
"Muscle Milk 100% Whey Protein Powder, Vanilla, 5 Pound, 68 Servings, 25g Protein, 2g Sugar, Low in Fat, NSF Certified for Sport, Energizing Snack, Workout Recovery, Packaging May Vary",73.09,4.4,7281
"vedge Certified Organic Plant Protein Vanilla Ice Cream (20 Servings) - Plant-Based Vegan Protein Powder, USDA Organic, Gluten Free, Non Dairy Nutrition Plant Protein",49.95,4.1,774
MRM Nutrition Veggie Protein with Superfoods | Vanilla Flavored | 22g Complete Protein | Over 8.8g Essential Amino acids | 13 superfoods | with Omega 3s and Omega6s | Keto Friendly | 30 Servings,,4.4,1851
"BARE PERFORMANCE NUTRITION Vegan Protein, Plant Based Protein, Pea Protein, Watermelon Protein and Pumpkin Protein, Naturally Sweetened and Flavored (Vanilla)",49.99,4.2,274
"Whey Protein Powder, Chocolate Fudge Brownie | Low Net Carbs, Gluten Free, No Sugar Added | 2 Lb - 27 Servings",48.00,4.3,39
